<?xml version='1.0' encoding='UTF-8'?>
<types:mule xmlns:types="http://www.mulesoft.org/schema/mule/types">
  <types:catalog>
    <types:type name="auto_ab9f5534-e52f-410b-a878-8b4d028d726e_Input-Attributes" format="java">
      <types:shape format="weave" example="weave/autogenerated/ab9f5534-e52f-410b-a878-8b4d028d726e/Input-Attributes.wev" autogeneratedOrigin="2fc8ea78-5a2c-41c4-ae8c-ca62c8860b6c"><![CDATA[%dw 2.0

type auto_ab9f5534_e52f_410b_a878_8b4d028d726e_Input_Attributes = {|
  clientCertificate?: {|
    publicKey?: {|  |}, 
    "type"?: String, 
    encoded?: Binary
  |}, 
  headers: {|
    client_id: String, 
    client_secret: String
  |}, 
  listenerPath: String, 
  method: String, 
  queryParams: {|  |}, 
  queryString: String, 
  relativePath: String, 
  remoteAddress: String, 
  requestPath: String, 
  requestUri: String, 
  scheme: String, 
  uriParams: {| "organizer-id": String |}, 
  version: String, 
  localAddress: String
|}

]]></types:shape>
    </types:type>
    <types:type name="auto_ab9f5534-e52f-410b-a878-8b4d028d726e_Input-Payload" format="json">
      <types:shape format="weave" example="weave/autogenerated/ab9f5534-e52f-410b-a878-8b4d028d726e/Input-Payload.wev" autogeneratedOrigin="2fc8ea78-5a2c-41c4-ae8c-ca62c8860b6c"><![CDATA[%dw 2.0

type auto_ab9f5534_e52f_410b_a878_8b4d028d726e_Input_Payload = {| message: String |}

]]></types:shape>
    </types:type>
    <types:type name="auto_ab9f5534-e52f-410b-a878-8b4d028d726e_Input-Variables-organizer-id" format="java">
      <types:shape format="raml" autogeneratedOrigin="2fc8ea78-5a2c-41c4-ae8c-ca62c8860b6c"><![CDATA[#%RAML 1.0 DataType
type: string]]></types:shape>
    </types:type>
    <types:type name="auto_ab9f5534-e52f-410b-a878-8b4d028d726e_Input-Variables-outboundHeaders" format="java">
      <types:shape format="weave" example="weave/autogenerated/ab9f5534-e52f-410b-a878-8b4d028d726e/Input-Variables-outboundHeaders.wev" autogeneratedOrigin="2fc8ea78-5a2c-41c4-ae8c-ca62c8860b6c"><![CDATA[%dw 2.0

type auto_ab9f5534_e52f_410b_a878_8b4d028d726e_Input_Variables_outboundHeaders = {|  |}

]]></types:shape>
    </types:type>
    <types:type name="auto_ab9f5534-e52f-410b-a878-8b4d028d726e_Input-Variables-httpStatus" format="java">
      <types:shape format="raml" autogeneratedOrigin="2fc8ea78-5a2c-41c4-ae8c-ca62c8860b6c"><![CDATA[#%RAML 1.0 DataType
type: string]]></types:shape>
    </types:type>
    <types:type name="auto_ab9f5534-e52f-410b-a878-8b4d028d726e_Output-Payload" format="json">
      <types:shape format="weave" autogeneratedOrigin="2fc8ea78-5a2c-41c4-ae8c-ca62c8860b6c"><![CDATA[%dw 2.0

type auto_ab9f5534_e52f_410b_a878_8b4d028d726e_Output_Payload = {| message?: String |} {"example": "{\\\"message\\\":\\\"organizer details updated successfully\\\"}"}

]]></types:shape>
    </types:type>
    <types:type name="auto_ab9f5534-e52f-410b-a878-8b4d028d726e_Output-Attributes" format="java">
      <types:shape format="weave" example="weave/autogenerated/ab9f5534-e52f-410b-a878-8b4d028d726e/Output-Attributes.wev" autogeneratedOrigin="2fc8ea78-5a2c-41c4-ae8c-ca62c8860b6c"><![CDATA[%dw 2.0

type auto_ab9f5534_e52f_410b_a878_8b4d028d726e_Output_Attributes = {|
  statusCode: Number, 
  reasonPhrase: String, 
  headers: { _?: String }
|} {"typeAlias": "HttpResponseAttributes",
"typeId": "org.mule.extension.http.api.HttpResponseAttributes"}

]]></types:shape>
    </types:type>
    <types:type name="auto_ab9f5534-e52f-410b-a878-8b4d028d726e_Output-Variables-organizer-id" format="java">
      <types:shape format="raml" autogeneratedOrigin="2fc8ea78-5a2c-41c4-ae8c-ca62c8860b6c"><![CDATA[#%RAML 1.0 DataType
type: string]]></types:shape>
    </types:type>
    <types:type name="auto_ab9f5534-e52f-410b-a878-8b4d028d726e_Output-Variables-newOrganizerData" format="java">
      <types:shape format="weave" example="weave/autogenerated/ab9f5534-e52f-410b-a878-8b4d028d726e/Output-Variables-newOrganizerData.wev" autogeneratedOrigin="2fc8ea78-5a2c-41c4-ae8c-ca62c8860b6c"><![CDATA[%dw 2.0

type auto_ab9f5534_e52f_410b_a878_8b4d028d726e_Output_Variables_newOrganizerData = Any

]]></types:shape>
    </types:type>
    <types:type name="auto_ab9f5534-e52f-410b-a878-8b4d028d726e_Output-Variables-outboundHeaders" format="java">
      <types:shape format="weave" example="weave/autogenerated/ab9f5534-e52f-410b-a878-8b4d028d726e/Output-Variables-outboundHeaders.wev" autogeneratedOrigin="2fc8ea78-5a2c-41c4-ae8c-ca62c8860b6c"><![CDATA[%dw 2.0

type auto_ab9f5534_e52f_410b_a878_8b4d028d726e_Output_Variables_outboundHeaders = {|  |}

]]></types:shape>
    </types:type>
    <types:type name="auto_ab9f5534-e52f-410b-a878-8b4d028d726e_Output-Variables-httpStatus" format="java">
      <types:shape format="raml" autogeneratedOrigin="2fc8ea78-5a2c-41c4-ae8c-ca62c8860b6c"><![CDATA[#%RAML 1.0 DataType
type: string]]></types:shape>
    </types:type>
    <types:type name="auto_fe8ee4dc-a638-40da-815e-804fddab2909_Input-Payload" format="json">
      <types:shape format="weave" example="weave/autogenerated/fe8ee4dc-a638-40da-815e-804fddab2909/Input-Payload.wev" autogeneratedOrigin="65b788a1-fcfb-4605-923a-7f3ee9f472cd"><![CDATA[%dw 2.0

type auto_fe8ee4dc_a638_40da_815e_804fddab2909_Input_Payload = {
  address: String, 
  gender: String, 
  name: String, 
  email: String, 
  phoneno: String, 
  Password: String, 
  _?: Any
}

]]></types:shape>
    </types:type>
    <types:type name="auto_fe8ee4dc-a638-40da-815e-804fddab2909_Input-Attributes" format="java">
      <types:shape format="weave" example="weave/autogenerated/fe8ee4dc-a638-40da-815e-804fddab2909/Input-Attributes.wev" autogeneratedOrigin="65b788a1-fcfb-4605-923a-7f3ee9f472cd"><![CDATA[%dw 2.0

type auto_fe8ee4dc_a638_40da_815e_804fddab2909_Input_Attributes = {|
  clientCertificate?: {|
    publicKey?: {|  |}, 
    "type"?: String, 
    encoded?: Binary
  |}, 
  headers: {|
    client_id: String, 
    client_secret: String
  |}, 
  listenerPath: String, 
  method: String, 
  queryParams: {|  |}, 
  queryString: String, 
  relativePath: String, 
  remoteAddress: String, 
  requestPath: String, 
  requestUri: String, 
  scheme: String, 
  uriParams: {| "user-id": String |}, 
  version: String, 
  localAddress: String
|}

]]></types:shape>
    </types:type>
    <types:type name="auto_fe8ee4dc-a638-40da-815e-804fddab2909_Input-Variables-outboundHeaders" format="java">
      <types:shape format="weave" example="weave/autogenerated/fe8ee4dc-a638-40da-815e-804fddab2909/Input-Variables-outboundHeaders.wev" autogeneratedOrigin="65b788a1-fcfb-4605-923a-7f3ee9f472cd"><![CDATA[%dw 2.0

type auto_fe8ee4dc_a638_40da_815e_804fddab2909_Input_Variables_outboundHeaders = {|  |}

]]></types:shape>
    </types:type>
    <types:type name="auto_fe8ee4dc-a638-40da-815e-804fddab2909_Input-Variables-httpStatus" format="java">
      <types:shape format="raml" autogeneratedOrigin="65b788a1-fcfb-4605-923a-7f3ee9f472cd"><![CDATA[#%RAML 1.0 DataType
type: string]]></types:shape>
    </types:type>
    <types:type name="auto_fe8ee4dc-a638-40da-815e-804fddab2909_Output-Payload" format="json">
      <types:shape format="weave" autogeneratedOrigin="65b788a1-fcfb-4605-923a-7f3ee9f472cd"><![CDATA[%dw 2.0

type auto_fe8ee4dc_a638_40da_815e_804fddab2909_Output_Payload = {| message?: String |} {"example": "{\\\"message\\\":\\\"user details updated successfully\\\"}"}

]]></types:shape>
    </types:type>
    <types:type name="auto_fe8ee4dc-a638-40da-815e-804fddab2909_Output-Attributes" format="java">
      <types:shape format="weave" example="weave/autogenerated/fe8ee4dc-a638-40da-815e-804fddab2909/Output-Attributes.wev" autogeneratedOrigin="65b788a1-fcfb-4605-923a-7f3ee9f472cd"><![CDATA[%dw 2.0

type auto_fe8ee4dc_a638_40da_815e_804fddab2909_Output_Attributes = {|
  statusCode: Number, 
  reasonPhrase: String, 
  headers: { _?: String }
|} {"typeAlias": "HttpResponseAttributes",
"typeId": "org.mule.extension.http.api.HttpResponseAttributes"}

]]></types:shape>
    </types:type>
    <types:type name="auto_fe8ee4dc-a638-40da-815e-804fddab2909_Output-Variables-newUserData" format="java">
      <types:shape format="weave" example="weave/autogenerated/fe8ee4dc-a638-40da-815e-804fddab2909/Output-Variables-newUserData.wev" autogeneratedOrigin="65b788a1-fcfb-4605-923a-7f3ee9f472cd"><![CDATA[%dw 2.0

type auto_fe8ee4dc_a638_40da_815e_804fddab2909_Output_Variables_newUserData = Any

]]></types:shape>
    </types:type>
    <types:type name="auto_fe8ee4dc-a638-40da-815e-804fddab2909_Output-Variables-outboundHeaders" format="java">
      <types:shape format="weave" example="weave/autogenerated/fe8ee4dc-a638-40da-815e-804fddab2909/Output-Variables-outboundHeaders.wev" autogeneratedOrigin="65b788a1-fcfb-4605-923a-7f3ee9f472cd"><![CDATA[%dw 2.0

type auto_fe8ee4dc_a638_40da_815e_804fddab2909_Output_Variables_outboundHeaders = {|  |}

]]></types:shape>
    </types:type>
    <types:type name="auto_fe8ee4dc-a638-40da-815e-804fddab2909_Output-Variables-httpStatus" format="java">
      <types:shape format="raml" autogeneratedOrigin="65b788a1-fcfb-4605-923a-7f3ee9f472cd"><![CDATA[#%RAML 1.0 DataType
type: string]]></types:shape>
    </types:type>
    <types:type name="auto_3d87d2f4-8160-4b2f-b4be-e1099b8af0a9_Input-Payload" format="java">
      <types:shape format="weave" example="weave/autogenerated/3d87d2f4-8160-4b2f-b4be-e1099b8af0a9/Input-Payload.wev" autogeneratedOrigin="39528631-7137-4c40-883c-995387fe7e2d"><![CDATA[%dw 2.0

type auto_3d87d2f4_8160_4b2f_b4be_e1099b8af0a9_Input_Payload = Any

]]></types:shape>
    </types:type>
    <types:type name="auto_3d87d2f4-8160-4b2f-b4be-e1099b8af0a9_Input-Attributes" format="java">
      <types:shape format="weave" example="weave/autogenerated/3d87d2f4-8160-4b2f-b4be-e1099b8af0a9/Input-Attributes.wev" autogeneratedOrigin="39528631-7137-4c40-883c-995387fe7e2d"><![CDATA[%dw 2.0

type auto_3d87d2f4_8160_4b2f_b4be_e1099b8af0a9_Input_Attributes = {|
  clientCertificate?: {|
    publicKey?: {|  |}, 
    "type"?: String, 
    encoded?: Binary
  |}, 
  headers: {|
    client_id: String, 
    client_secret: String
  |}, 
  listenerPath: String, 
  method: String, 
  queryParams: {|  |}, 
  queryString: String, 
  relativePath: String, 
  remoteAddress: String, 
  requestPath: String, 
  requestUri: String, 
  scheme: String, 
  uriParams: {| "organizer-id": String |}, 
  version: String, 
  localAddress: String
|}

]]></types:shape>
    </types:type>
    <types:type name="auto_3d87d2f4-8160-4b2f-b4be-e1099b8af0a9_Input-Variables-outboundHeaders" format="java">
      <types:shape format="weave" example="weave/autogenerated/3d87d2f4-8160-4b2f-b4be-e1099b8af0a9/Input-Variables-outboundHeaders.wev" autogeneratedOrigin="39528631-7137-4c40-883c-995387fe7e2d"><![CDATA[%dw 2.0

type auto_3d87d2f4_8160_4b2f_b4be_e1099b8af0a9_Input_Variables_outboundHeaders = {|  |}

]]></types:shape>
    </types:type>
    <types:type name="auto_3d87d2f4-8160-4b2f-b4be-e1099b8af0a9_Input-Variables-httpStatus" format="java">
      <types:shape format="raml" autogeneratedOrigin="39528631-7137-4c40-883c-995387fe7e2d"><![CDATA[#%RAML 1.0 DataType
type: string]]></types:shape>
    </types:type>
    <types:type name="auto_3d87d2f4-8160-4b2f-b4be-e1099b8af0a9_Output-Payload" format="json">
      <types:shape format="weave" autogeneratedOrigin="39528631-7137-4c40-883c-995387fe7e2d"><![CDATA[%dw 2.0

type auto_3d87d2f4_8160_4b2f_b4be_e1099b8af0a9_Output_Payload = {| message?: String |} {"example": "{\\\"message\\\":\\\"organizer Deleted Successfully\\\"}"}

]]></types:shape>
    </types:type>
    <types:type name="auto_3d87d2f4-8160-4b2f-b4be-e1099b8af0a9_Output-Attributes" format="java">
      <types:shape format="weave" example="weave/autogenerated/3d87d2f4-8160-4b2f-b4be-e1099b8af0a9/Output-Attributes.wev" autogeneratedOrigin="39528631-7137-4c40-883c-995387fe7e2d"><![CDATA[%dw 2.0

type auto_3d87d2f4_8160_4b2f_b4be_e1099b8af0a9_Output_Attributes = {|
  statusCode: Number, 
  reasonPhrase: String, 
  headers: { _?: String }
|} {"typeAlias": "HttpResponseAttributes",
"typeId": "org.mule.extension.http.api.HttpResponseAttributes"}

]]></types:shape>
    </types:type>
    <types:type name="auto_3d87d2f4-8160-4b2f-b4be-e1099b8af0a9_Output-Variables-outboundHeaders" format="java">
      <types:shape format="weave" example="weave/autogenerated/3d87d2f4-8160-4b2f-b4be-e1099b8af0a9/Output-Variables-outboundHeaders.wev" autogeneratedOrigin="39528631-7137-4c40-883c-995387fe7e2d"><![CDATA[%dw 2.0

type auto_3d87d2f4_8160_4b2f_b4be_e1099b8af0a9_Output_Variables_outboundHeaders = {|  |}

]]></types:shape>
    </types:type>
    <types:type name="auto_3d87d2f4-8160-4b2f-b4be-e1099b8af0a9_Output-Variables-httpStatus" format="java">
      <types:shape format="raml" autogeneratedOrigin="39528631-7137-4c40-883c-995387fe7e2d"><![CDATA[#%RAML 1.0 DataType
type: string]]></types:shape>
    </types:type>
    <types:type name="auto_4cbfd8fc-4ab2-48dd-bef0-166c4b538535_Input-Payload" format="json">
      <types:shape format="weave" example="weave/autogenerated/4cbfd8fc-4ab2-48dd-bef0-166c4b538535/Input-Payload.wev" autogeneratedOrigin="3179af85-9912-4e41-b575-015b65b1cb5d"><![CDATA[%dw 2.0

type auto_4cbfd8fc_4ab2_48dd_bef0_166c4b538535_Input_Payload = {| message: String |}

]]></types:shape>
    </types:type>
    <types:type name="auto_4cbfd8fc-4ab2-48dd-bef0-166c4b538535_Input-Attributes" format="java">
      <types:shape format="weave" example="weave/autogenerated/4cbfd8fc-4ab2-48dd-bef0-166c4b538535/Input-Attributes.wev" autogeneratedOrigin="3179af85-9912-4e41-b575-015b65b1cb5d"><![CDATA[%dw 2.0

type auto_4cbfd8fc_4ab2_48dd_bef0_166c4b538535_Input_Attributes = {|
  clientCertificate?: {|
    publicKey?: {|  |}, 
    "type"?: String, 
    encoded?: Binary
  |}, 
  headers: {|
    client_id: String, 
    client_secret: String
  |}, 
  listenerPath: String, 
  method: String, 
  queryParams: {|  |}, 
  queryString: String, 
  relativePath: String, 
  remoteAddress: String, 
  requestPath: String, 
  requestUri: String, 
  scheme: String, 
  uriParams: {| "show-id": String |}, 
  version: String, 
  localAddress: String
|}

]]></types:shape>
    </types:type>
    <types:type name="auto_4cbfd8fc-4ab2-48dd-bef0-166c4b538535_Input-Variables-show-id" format="java">
      <types:shape format="raml" autogeneratedOrigin="3179af85-9912-4e41-b575-015b65b1cb5d"><![CDATA[#%RAML 1.0 DataType
type: string]]></types:shape>
    </types:type>
    <types:type name="auto_4cbfd8fc-4ab2-48dd-bef0-166c4b538535_Input-Variables-outboundHeaders" format="java">
      <types:shape format="weave" example="weave/autogenerated/4cbfd8fc-4ab2-48dd-bef0-166c4b538535/Input-Variables-outboundHeaders.wev" autogeneratedOrigin="3179af85-9912-4e41-b575-015b65b1cb5d"><![CDATA[%dw 2.0

type auto_4cbfd8fc_4ab2_48dd_bef0_166c4b538535_Input_Variables_outboundHeaders = {|  |}

]]></types:shape>
    </types:type>
    <types:type name="auto_4cbfd8fc-4ab2-48dd-bef0-166c4b538535_Input-Variables-httpStatus" format="java">
      <types:shape format="raml" autogeneratedOrigin="3179af85-9912-4e41-b575-015b65b1cb5d"><![CDATA[#%RAML 1.0 DataType
type: string]]></types:shape>
    </types:type>
    <types:type name="auto_4cbfd8fc-4ab2-48dd-bef0-166c4b538535_Output-Payload" format="json">
      <types:shape format="weave" autogeneratedOrigin="3179af85-9912-4e41-b575-015b65b1cb5d"><![CDATA[%dw 2.0

type auto_4cbfd8fc_4ab2_48dd_bef0_166c4b538535_Output_Payload = {| message?: String |} {"example": "{\\\"message\\\":\\\"show Deleted Successfully\\\"}"}

]]></types:shape>
    </types:type>
    <types:type name="auto_4cbfd8fc-4ab2-48dd-bef0-166c4b538535_Output-Attributes" format="java">
      <types:shape format="weave" example="weave/autogenerated/4cbfd8fc-4ab2-48dd-bef0-166c4b538535/Output-Attributes.wev" autogeneratedOrigin="3179af85-9912-4e41-b575-015b65b1cb5d"><![CDATA[%dw 2.0

type auto_4cbfd8fc_4ab2_48dd_bef0_166c4b538535_Output_Attributes = {|
  statusCode: Number, 
  reasonPhrase: String, 
  headers: { _?: String }
|} {"typeAlias": "HttpResponseAttributes",
"typeId": "org.mule.extension.http.api.HttpResponseAttributes"}

]]></types:shape>
    </types:type>
    <types:type name="auto_4cbfd8fc-4ab2-48dd-bef0-166c4b538535_Output-Variables-show-id" format="java">
      <types:shape format="raml" autogeneratedOrigin="3179af85-9912-4e41-b575-015b65b1cb5d"><![CDATA[#%RAML 1.0 DataType
type: string]]></types:shape>
    </types:type>
    <types:type name="auto_4cbfd8fc-4ab2-48dd-bef0-166c4b538535_Output-Variables-outboundHeaders" format="java">
      <types:shape format="weave" example="weave/autogenerated/4cbfd8fc-4ab2-48dd-bef0-166c4b538535/Output-Variables-outboundHeaders.wev" autogeneratedOrigin="3179af85-9912-4e41-b575-015b65b1cb5d"><![CDATA[%dw 2.0

type auto_4cbfd8fc_4ab2_48dd_bef0_166c4b538535_Output_Variables_outboundHeaders = {|  |}

]]></types:shape>
    </types:type>
    <types:type name="auto_4cbfd8fc-4ab2-48dd-bef0-166c4b538535_Output-Variables-httpStatus" format="java">
      <types:shape format="raml" autogeneratedOrigin="3179af85-9912-4e41-b575-015b65b1cb5d"><![CDATA[#%RAML 1.0 DataType
type: string]]></types:shape>
    </types:type>
    <types:type name="auto_2fb6816b-2e16-4448-a002-ee76285c0f6b_Input-Payload" format="json">
      <types:shape format="weave" example="weave/autogenerated/2fb6816b-2e16-4448-a002-ee76285c0f6b/Input-Payload.wev" autogeneratedOrigin="7c872865-19a7-4b55-8c1d-fe2239e9836b"><![CDATA[%dw 2.0

type auto_2fb6816b_2e16_4448_a002_ee76285c0f6b_Input_Payload = {| message: String |}

]]></types:shape>
    </types:type>
    <types:type name="auto_2fb6816b-2e16-4448-a002-ee76285c0f6b_Input-Attributes" format="java">
      <types:shape format="weave" example="weave/autogenerated/2fb6816b-2e16-4448-a002-ee76285c0f6b/Input-Attributes.wev" autogeneratedOrigin="7c872865-19a7-4b55-8c1d-fe2239e9836b"><![CDATA[%dw 2.0

type auto_2fb6816b_2e16_4448_a002_ee76285c0f6b_Input_Attributes = {|
  clientCertificate?: {|
    publicKey?: {|  |}, 
    "type"?: String, 
    encoded?: Binary
  |}, 
  headers: {|
    client_id: String, 
    client_secret: String
  |}, 
  listenerPath: String, 
  method: String, 
  queryParams: {|  |}, 
  queryString: String, 
  relativePath: String, 
  remoteAddress: String, 
  requestPath: String, 
  requestUri: String, 
  scheme: String, 
  uriParams: {| "user-id": String |}, 
  version: String, 
  localAddress: String
|}

]]></types:shape>
    </types:type>
    <types:type name="auto_2fb6816b-2e16-4448-a002-ee76285c0f6b_Input-Variables-user-id" format="java">
      <types:shape format="raml" autogeneratedOrigin="7c872865-19a7-4b55-8c1d-fe2239e9836b"><![CDATA[#%RAML 1.0 DataType
type: string]]></types:shape>
    </types:type>
    <types:type name="auto_2fb6816b-2e16-4448-a002-ee76285c0f6b_Input-Variables-outboundHeaders" format="java">
      <types:shape format="weave" example="weave/autogenerated/2fb6816b-2e16-4448-a002-ee76285c0f6b/Input-Variables-outboundHeaders.wev" autogeneratedOrigin="7c872865-19a7-4b55-8c1d-fe2239e9836b"><![CDATA[%dw 2.0

type auto_2fb6816b_2e16_4448_a002_ee76285c0f6b_Input_Variables_outboundHeaders = {|  |}

]]></types:shape>
    </types:type>
    <types:type name="auto_2fb6816b-2e16-4448-a002-ee76285c0f6b_Input-Variables-httpStatus" format="java">
      <types:shape format="raml" autogeneratedOrigin="7c872865-19a7-4b55-8c1d-fe2239e9836b"><![CDATA[#%RAML 1.0 DataType
type: string]]></types:shape>
    </types:type>
    <types:type name="auto_2fb6816b-2e16-4448-a002-ee76285c0f6b_Output-Payload" format="json">
      <types:shape format="weave" autogeneratedOrigin="7c872865-19a7-4b55-8c1d-fe2239e9836b"><![CDATA[%dw 2.0

type auto_2fb6816b_2e16_4448_a002_ee76285c0f6b_Output_Payload = {| message?: String |} {"example": "{\\\"message\\\":\\\"user Deleted Successfully\\\"}"}

]]></types:shape>
    </types:type>
    <types:type name="auto_2fb6816b-2e16-4448-a002-ee76285c0f6b_Output-Attributes" format="java">
      <types:shape format="weave" example="weave/autogenerated/2fb6816b-2e16-4448-a002-ee76285c0f6b/Output-Attributes.wev" autogeneratedOrigin="7c872865-19a7-4b55-8c1d-fe2239e9836b"><![CDATA[%dw 2.0

type auto_2fb6816b_2e16_4448_a002_ee76285c0f6b_Output_Attributes = {|
  statusCode: Number, 
  reasonPhrase: String, 
  headers: { _?: String }
|} {"typeAlias": "HttpResponseAttributes",
"typeId": "org.mule.extension.http.api.HttpResponseAttributes"}

]]></types:shape>
    </types:type>
    <types:type name="auto_2fb6816b-2e16-4448-a002-ee76285c0f6b_Output-Variables-user-id" format="java">
      <types:shape format="raml" autogeneratedOrigin="7c872865-19a7-4b55-8c1d-fe2239e9836b"><![CDATA[#%RAML 1.0 DataType
type: string]]></types:shape>
    </types:type>
    <types:type name="auto_2fb6816b-2e16-4448-a002-ee76285c0f6b_Output-Variables-outboundHeaders" format="java">
      <types:shape format="weave" example="weave/autogenerated/2fb6816b-2e16-4448-a002-ee76285c0f6b/Output-Variables-outboundHeaders.wev" autogeneratedOrigin="7c872865-19a7-4b55-8c1d-fe2239e9836b"><![CDATA[%dw 2.0

type auto_2fb6816b_2e16_4448_a002_ee76285c0f6b_Output_Variables_outboundHeaders = {|  |}

]]></types:shape>
    </types:type>
    <types:type name="auto_2fb6816b-2e16-4448-a002-ee76285c0f6b_Output-Variables-httpStatus" format="java">
      <types:shape format="raml" autogeneratedOrigin="7c872865-19a7-4b55-8c1d-fe2239e9836b"><![CDATA[#%RAML 1.0 DataType
type: string]]></types:shape>
    </types:type>
    <types:type name="auto_d38629c8-8875-4d06-aa3e-53db6221b681_Input-Payload" format="java">
      <types:shape format="weave" example="weave/autogenerated/d38629c8-8875-4d06-aa3e-53db6221b681/Input-Payload.wev" autogeneratedOrigin="88b2315c-1983-4344-95c8-21377b8cc690"><![CDATA[%dw 2.0

type auto_d38629c8_8875_4d06_aa3e_53db6221b681_Input_Payload = Any

]]></types:shape>
    </types:type>
    <types:type name="auto_d38629c8-8875-4d06-aa3e-53db6221b681_Input-Attributes" format="java">
      <types:shape format="weave" example="weave/autogenerated/d38629c8-8875-4d06-aa3e-53db6221b681/Input-Attributes.wev" autogeneratedOrigin="88b2315c-1983-4344-95c8-21377b8cc690"><![CDATA[%dw 2.0

type auto_d38629c8_8875_4d06_aa3e_53db6221b681_Input_Attributes = {|
  clientCertificate?: {|
    publicKey?: {|  |}, 
    "type"?: String, 
    encoded?: Binary
  |}, 
  headers: {|
    client_id: String, 
    client_secret: String
  |}, 
  listenerPath: String, 
  method: String, 
  queryParams: {|
    AdminId: Number, 
    min_date: String, 
    max_date: String
  |}, 
  queryString: String, 
  relativePath: String, 
  remoteAddress: String, 
  requestPath: String, 
  requestUri: String, 
  scheme: String, 
  uriParams: {|  |}, 
  version: String, 
  localAddress: String
|}

]]></types:shape>
    </types:type>
    <types:type name="auto_d38629c8-8875-4d06-aa3e-53db6221b681_Input-Variables-outboundHeaders" format="java">
      <types:shape format="weave" example="weave/autogenerated/d38629c8-8875-4d06-aa3e-53db6221b681/Input-Variables-outboundHeaders.wev" autogeneratedOrigin="88b2315c-1983-4344-95c8-21377b8cc690"><![CDATA[%dw 2.0

type auto_d38629c8_8875_4d06_aa3e_53db6221b681_Input_Variables_outboundHeaders = {|  |}

]]></types:shape>
    </types:type>
    <types:type name="auto_d38629c8-8875-4d06-aa3e-53db6221b681_Input-Variables-httpStatus" format="java">
      <types:shape format="raml" autogeneratedOrigin="88b2315c-1983-4344-95c8-21377b8cc690"><![CDATA[#%RAML 1.0 DataType
type: string]]></types:shape>
    </types:type>
    <types:type name="auto_d38629c8-8875-4d06-aa3e-53db6221b681_Output-Payload" format="json">
      <types:shape format="weave" autogeneratedOrigin="88b2315c-1983-4344-95c8-21377b8cc690"><![CDATA[%dw 2.0

type auto_d38629c8_8875_4d06_aa3e_53db6221b681_Output_Payload = {| message?: String |} {"example": "{\\\"message\\\":\\\"Report Messaged Successfully\\\"}"}

]]></types:shape>
    </types:type>
    <types:type name="auto_d38629c8-8875-4d06-aa3e-53db6221b681_Output-Attributes" format="java">
      <types:shape format="weave" example="weave/autogenerated/d38629c8-8875-4d06-aa3e-53db6221b681/Output-Attributes.wev" autogeneratedOrigin="88b2315c-1983-4344-95c8-21377b8cc690"><![CDATA[%dw 2.0

type auto_d38629c8_8875_4d06_aa3e_53db6221b681_Output_Attributes = {|
  statusCode: Number, 
  reasonPhrase: String, 
  headers: { _?: String }
|} {"typeAlias": "HttpResponseAttributes",
"typeId": "org.mule.extension.http.api.HttpResponseAttributes"}

]]></types:shape>
    </types:type>
    <types:type name="auto_d38629c8-8875-4d06-aa3e-53db6221b681_Output-Variables-outboundHeaders" format="java">
      <types:shape format="weave" example="weave/autogenerated/d38629c8-8875-4d06-aa3e-53db6221b681/Output-Variables-outboundHeaders.wev" autogeneratedOrigin="88b2315c-1983-4344-95c8-21377b8cc690"><![CDATA[%dw 2.0

type auto_d38629c8_8875_4d06_aa3e_53db6221b681_Output_Variables_outboundHeaders = {|  |}

]]></types:shape>
    </types:type>
    <types:type name="auto_d38629c8-8875-4d06-aa3e-53db6221b681_Output-Variables-httpStatus" format="java">
      <types:shape format="raml" autogeneratedOrigin="88b2315c-1983-4344-95c8-21377b8cc690"><![CDATA[#%RAML 1.0 DataType
type: string]]></types:shape>
    </types:type>
    <types:type name="auto_1bd8457a-1337-47fc-bb4c-e88cc1087c75_Input-Payload" format="json">
      <types:shape format="weave" example="weave/autogenerated/1bd8457a-1337-47fc-bb4c-e88cc1087c75/Input-Payload.wev" autogeneratedOrigin="0c3031cf-69c2-4d59-acd3-b7725750d02b"><![CDATA[%dw 2.0

type auto_1bd8457a_1337_47fc_bb4c_e88cc1087c75_Input_Payload = Array<{|  userId: Number,   name: String,   Password: String,   email: String,   gender: String,   address: String,   phoneno: String|}>

]]></types:shape>
    </types:type>
    <types:type name="auto_1bd8457a-1337-47fc-bb4c-e88cc1087c75_Input-Attributes" format="java">
      <types:shape format="weave" example="weave/autogenerated/1bd8457a-1337-47fc-bb4c-e88cc1087c75/Input-Attributes.wev" autogeneratedOrigin="0c3031cf-69c2-4d59-acd3-b7725750d02b"><![CDATA[%dw 2.0

type auto_1bd8457a_1337_47fc_bb4c_e88cc1087c75_Input_Attributes = {|
  clientCertificate?: {|
    publicKey?: {|  |}, 
    "type"?: String, 
    encoded?: Binary
  |}, 
  headers: {|
    client_id: String, 
    client_secret: String
  |}, 
  listenerPath: String, 
  method: String, 
  queryParams: {|
    adminId: Number, 
    pageSize?: Number, 
    page?: Number, 
    name?: String, 
    status?: "active" | "nonActive", 
    genre?: Array<String>
  |}, 
  queryString: String, 
  relativePath: String, 
  remoteAddress: String, 
  requestPath: String, 
  requestUri: String, 
  scheme: String, 
  uriParams: {|  |}, 
  version: String, 
  localAddress: String
|}

]]></types:shape>
    </types:type>
    <types:type name="auto_1bd8457a-1337-47fc-bb4c-e88cc1087c75_Input-Variables-outboundHeaders" format="java">
      <types:shape format="weave" example="weave/autogenerated/1bd8457a-1337-47fc-bb4c-e88cc1087c75/Input-Variables-outboundHeaders.wev" autogeneratedOrigin="0c3031cf-69c2-4d59-acd3-b7725750d02b"><![CDATA[%dw 2.0

type auto_1bd8457a_1337_47fc_bb4c_e88cc1087c75_Input_Variables_outboundHeaders = {|  |}

]]></types:shape>
    </types:type>
    <types:type name="auto_1bd8457a-1337-47fc-bb4c-e88cc1087c75_Input-Variables-httpStatus" format="java">
      <types:shape format="raml" autogeneratedOrigin="0c3031cf-69c2-4d59-acd3-b7725750d02b"><![CDATA[#%RAML 1.0 DataType
type: string]]></types:shape>
    </types:type>
    <types:type name="auto_1bd8457a-1337-47fc-bb4c-e88cc1087c75_Output-Payload" format="json">
      <types:shape format="weave" example="weave/autogenerated/1bd8457a-1337-47fc-bb4c-e88cc1087c75/Output-Payload.wev" autogeneratedOrigin="0c3031cf-69c2-4d59-acd3-b7725750d02b"><![CDATA[%dw 2.0

type auto_1bd8457a_1337_47fc_bb4c_e88cc1087c75_Output_Payload = Array<{  address: String,   gender: String,   name: String,   userId: Number,   email: String,   phoneno: String,   Password: String,   _?: Any}>

]]></types:shape>
    </types:type>
    <types:type name="auto_1bd8457a-1337-47fc-bb4c-e88cc1087c75_Output-Attributes" format="java">
      <types:shape format="weave" example="weave/autogenerated/1bd8457a-1337-47fc-bb4c-e88cc1087c75/Output-Attributes.wev" autogeneratedOrigin="0c3031cf-69c2-4d59-acd3-b7725750d02b"><![CDATA[%dw 2.0

type auto_1bd8457a_1337_47fc_bb4c_e88cc1087c75_Output_Attributes = {|
  statusCode: Number, 
  reasonPhrase: String, 
  headers: { _?: String }
|} {"typeAlias": "HttpResponseAttributes",
"typeId": "org.mule.extension.http.api.HttpResponseAttributes"}

]]></types:shape>
    </types:type>
    <types:type name="auto_1bd8457a-1337-47fc-bb4c-e88cc1087c75_Output-Variables-outboundHeaders" format="java">
      <types:shape format="weave" example="weave/autogenerated/1bd8457a-1337-47fc-bb4c-e88cc1087c75/Output-Variables-outboundHeaders.wev" autogeneratedOrigin="0c3031cf-69c2-4d59-acd3-b7725750d02b"><![CDATA[%dw 2.0

type auto_1bd8457a_1337_47fc_bb4c_e88cc1087c75_Output_Variables_outboundHeaders = {|  |}

]]></types:shape>
    </types:type>
    <types:type name="auto_1bd8457a-1337-47fc-bb4c-e88cc1087c75_Output-Variables-httpStatus" format="java">
      <types:shape format="raml" autogeneratedOrigin="0c3031cf-69c2-4d59-acd3-b7725750d02b"><![CDATA[#%RAML 1.0 DataType
type: string]]></types:shape>
    </types:type>
    <types:type name="auto_8278cb58-37cb-4016-a234-ea3b3e62e44b_Input-Payload" format="json">
      <types:shape format="weave" example="weave/autogenerated/8278cb58-37cb-4016-a234-ea3b3e62e44b/Input-Payload.wev" autogeneratedOrigin="0df52f2b-f6fc-45b6-ae4f-fcbff0d4f632"><![CDATA[%dw 2.0

type auto_8278cb58_37cb_4016_a234_ea3b3e62e44b_Input_Payload = {| message: String |}

]]></types:shape>
    </types:type>
    <types:type name="auto_8278cb58-37cb-4016-a234-ea3b3e62e44b_Input-Attributes" format="java">
      <types:shape format="weave" example="weave/autogenerated/8278cb58-37cb-4016-a234-ea3b3e62e44b/Input-Attributes.wev" autogeneratedOrigin="0df52f2b-f6fc-45b6-ae4f-fcbff0d4f632"><![CDATA[%dw 2.0

type auto_8278cb58_37cb_4016_a234_ea3b3e62e44b_Input_Attributes = {|
  clientCertificate?: {|
    publicKey?: {|  |}, 
    "type"?: String, 
    encoded?: Binary
  |}, 
  headers: {|
    client_id: String, 
    client_secret: String
  |}, 
  listenerPath: String, 
  method: String, 
  queryParams: {| Admin_Id: Number |}, 
  queryString: String, 
  relativePath: String, 
  remoteAddress: String, 
  requestPath: String, 
  requestUri: String, 
  scheme: String, 
  uriParams: {|  |}, 
  version: String, 
  localAddress: String
|}

]]></types:shape>
    </types:type>
    <types:type name="auto_8278cb58-37cb-4016-a234-ea3b3e62e44b_Input-Variables-outboundHeaders" format="java">
      <types:shape format="weave" example="weave/autogenerated/8278cb58-37cb-4016-a234-ea3b3e62e44b/Input-Variables-outboundHeaders.wev" autogeneratedOrigin="0df52f2b-f6fc-45b6-ae4f-fcbff0d4f632"><![CDATA[%dw 2.0

type auto_8278cb58_37cb_4016_a234_ea3b3e62e44b_Input_Variables_outboundHeaders = {|  |}

]]></types:shape>
    </types:type>
    <types:type name="auto_8278cb58-37cb-4016-a234-ea3b3e62e44b_Input-Variables-httpStatus" format="java">
      <types:shape format="raml" autogeneratedOrigin="0df52f2b-f6fc-45b6-ae4f-fcbff0d4f632"><![CDATA[#%RAML 1.0 DataType
type: string]]></types:shape>
    </types:type>
    <types:type name="auto_8278cb58-37cb-4016-a234-ea3b3e62e44b_Output-Payload" format="json">
      <types:shape format="weave" autogeneratedOrigin="0df52f2b-f6fc-45b6-ae4f-fcbff0d4f632"><![CDATA[%dw 2.0

type auto_8278cb58_37cb_4016_a234_ea3b3e62e44b_Output_Payload = {| message?: String |} {"example": "{\\\"message\\\":\\\"Messaged Successfully\\\"}"}

]]></types:shape>
    </types:type>
    <types:type name="auto_8278cb58-37cb-4016-a234-ea3b3e62e44b_Output-Attributes" format="java">
      <types:shape format="weave" example="weave/autogenerated/8278cb58-37cb-4016-a234-ea3b3e62e44b/Output-Attributes.wev" autogeneratedOrigin="0df52f2b-f6fc-45b6-ae4f-fcbff0d4f632"><![CDATA[%dw 2.0

type auto_8278cb58_37cb_4016_a234_ea3b3e62e44b_Output_Attributes = {|
  statusCode: Number, 
  reasonPhrase: String, 
  headers: { _?: String }
|} {"typeAlias": "HttpResponseAttributes",
"typeId": "org.mule.extension.http.api.HttpResponseAttributes"}

]]></types:shape>
    </types:type>
    <types:type name="auto_8278cb58-37cb-4016-a234-ea3b3e62e44b_Output-Variables-outboundHeaders" format="java">
      <types:shape format="weave" example="weave/autogenerated/8278cb58-37cb-4016-a234-ea3b3e62e44b/Output-Variables-outboundHeaders.wev" autogeneratedOrigin="0df52f2b-f6fc-45b6-ae4f-fcbff0d4f632"><![CDATA[%dw 2.0

type auto_8278cb58_37cb_4016_a234_ea3b3e62e44b_Output_Variables_outboundHeaders = {|  |}

]]></types:shape>
    </types:type>
    <types:type name="auto_8278cb58-37cb-4016-a234-ea3b3e62e44b_Output-Variables-httpStatus" format="java">
      <types:shape format="raml" autogeneratedOrigin="0df52f2b-f6fc-45b6-ae4f-fcbff0d4f632"><![CDATA[#%RAML 1.0 DataType
type: string]]></types:shape>
    </types:type>
    <types:type name="auto_3644f250-88fa-413f-8cb2-50d789a83dcf_Input-Payload" format="json">
      <types:shape format="weave" example="weave/autogenerated/3644f250-88fa-413f-8cb2-50d789a83dcf/Input-Payload.wev" autogeneratedOrigin="f528b617-25ce-4181-9dff-4e8220bf91ce"><![CDATA[%dw 2.0

type auto_3644f250_88fa_413f_8cb2_50d789a83dcf_Input_Payload = {
  Msg: String, 
  _?: Any
}

]]></types:shape>
    </types:type>
    <types:type name="auto_3644f250-88fa-413f-8cb2-50d789a83dcf_Input-Attributes" format="java">
      <types:shape format="weave" example="weave/autogenerated/3644f250-88fa-413f-8cb2-50d789a83dcf/Input-Attributes.wev" autogeneratedOrigin="f528b617-25ce-4181-9dff-4e8220bf91ce"><![CDATA[%dw 2.0

type auto_3644f250_88fa_413f_8cb2_50d789a83dcf_Input_Attributes = {|
  clientCertificate?: {|
    publicKey?: {|  |}, 
    "type"?: String, 
    encoded?: Binary
  |}, 
  headers: {|
    client_id: String, 
    client_secret: String
  |}, 
  listenerPath: String, 
  method: String, 
  queryParams: {| AdminId: Number |}, 
  queryString: String, 
  relativePath: String, 
  remoteAddress: String, 
  requestPath: String, 
  requestUri: String, 
  scheme: String, 
  uriParams: {|  |}, 
  version: String, 
  localAddress: String
|}

]]></types:shape>
    </types:type>
    <types:type name="auto_3644f250-88fa-413f-8cb2-50d789a83dcf_Input-Variables-outboundHeaders" format="java">
      <types:shape format="weave" example="weave/autogenerated/3644f250-88fa-413f-8cb2-50d789a83dcf/Input-Variables-outboundHeaders.wev" autogeneratedOrigin="f528b617-25ce-4181-9dff-4e8220bf91ce"><![CDATA[%dw 2.0

type auto_3644f250_88fa_413f_8cb2_50d789a83dcf_Input_Variables_outboundHeaders = {|  |}

]]></types:shape>
    </types:type>
    <types:type name="auto_3644f250-88fa-413f-8cb2-50d789a83dcf_Input-Variables-httpStatus" format="java">
      <types:shape format="raml" autogeneratedOrigin="f528b617-25ce-4181-9dff-4e8220bf91ce"><![CDATA[#%RAML 1.0 DataType
type: string]]></types:shape>
    </types:type>
    <types:type name="auto_3644f250-88fa-413f-8cb2-50d789a83dcf_Output-Payload" format="json">
      <types:shape format="weave" autogeneratedOrigin="f528b617-25ce-4181-9dff-4e8220bf91ce"><![CDATA[%dw 2.0

type auto_3644f250_88fa_413f_8cb2_50d789a83dcf_Output_Payload = {| message?: String |} {"example": "{\\\"message\\\":\\\"Messaged Successfully\\\"}"}

]]></types:shape>
    </types:type>
    <types:type name="auto_3644f250-88fa-413f-8cb2-50d789a83dcf_Output-Attributes" format="java">
      <types:shape format="weave" example="weave/autogenerated/3644f250-88fa-413f-8cb2-50d789a83dcf/Output-Attributes.wev" autogeneratedOrigin="f528b617-25ce-4181-9dff-4e8220bf91ce"><![CDATA[%dw 2.0

type auto_3644f250_88fa_413f_8cb2_50d789a83dcf_Output_Attributes = {|
  statusCode: Number, 
  reasonPhrase: String, 
  headers: { _?: String }
|} {"typeAlias": "HttpResponseAttributes",
"typeId": "org.mule.extension.http.api.HttpResponseAttributes"}

]]></types:shape>
    </types:type>
    <types:type name="auto_3644f250-88fa-413f-8cb2-50d789a83dcf_Output-Variables-outboundHeaders" format="java">
      <types:shape format="weave" example="weave/autogenerated/3644f250-88fa-413f-8cb2-50d789a83dcf/Output-Variables-outboundHeaders.wev" autogeneratedOrigin="f528b617-25ce-4181-9dff-4e8220bf91ce"><![CDATA[%dw 2.0

type auto_3644f250_88fa_413f_8cb2_50d789a83dcf_Output_Variables_outboundHeaders = {|  |}

]]></types:shape>
    </types:type>
    <types:type name="auto_3644f250-88fa-413f-8cb2-50d789a83dcf_Output-Variables-httpStatus" format="java">
      <types:shape format="raml" autogeneratedOrigin="f528b617-25ce-4181-9dff-4e8220bf91ce"><![CDATA[#%RAML 1.0 DataType
type: string]]></types:shape>
    </types:type>
    <types:type name="auto_1298f2b5-b6ef-4db5-b05a-bff45bb1cbdc_Input-Payload" format="java">
      <types:shape format="weave" example="weave/autogenerated/1298f2b5-b6ef-4db5-b05a-bff45bb1cbdc/Input-Payload.wev" autogeneratedOrigin="b337ca4a-4447-4faa-862f-1dc64b3c4882"><![CDATA[%dw 2.0

type auto_1298f2b5_b6ef_4db5_b05a_bff45bb1cbdc_Input_Payload = Any

]]></types:shape>
    </types:type>
    <types:type name="auto_1298f2b5-b6ef-4db5-b05a-bff45bb1cbdc_Input-Attributes" format="java">
      <types:shape format="weave" example="weave/autogenerated/1298f2b5-b6ef-4db5-b05a-bff45bb1cbdc/Input-Attributes.wev" autogeneratedOrigin="b337ca4a-4447-4faa-862f-1dc64b3c4882"><![CDATA[%dw 2.0

type auto_1298f2b5_b6ef_4db5_b05a_bff45bb1cbdc_Input_Attributes = {|
  clientCertificate?: {|
    publicKey?: {|  |}, 
    "type"?: String, 
    encoded?: Binary
  |}, 
  headers: {|
    client_id: String, 
    client_secret: String
  |}, 
  listenerPath: String, 
  method: String, 
  queryParams: {|  |}, 
  queryString: String, 
  relativePath: String, 
  remoteAddress: String, 
  requestPath: String, 
  requestUri: String, 
  scheme: String, 
  uriParams: {| "user-id": String |}, 
  version: String, 
  localAddress: String
|}

]]></types:shape>
    </types:type>
    <types:type name="auto_1298f2b5-b6ef-4db5-b05a-bff45bb1cbdc_Input-Variables-user-id" format="java">
      <types:shape format="raml" autogeneratedOrigin="b337ca4a-4447-4faa-862f-1dc64b3c4882"><![CDATA[#%RAML 1.0 DataType
type: string]]></types:shape>
    </types:type>
    <types:type name="auto_1298f2b5-b6ef-4db5-b05a-bff45bb1cbdc_Input-Variables-outboundHeaders" format="java">
      <types:shape format="weave" example="weave/autogenerated/1298f2b5-b6ef-4db5-b05a-bff45bb1cbdc/Input-Variables-outboundHeaders.wev" autogeneratedOrigin="b337ca4a-4447-4faa-862f-1dc64b3c4882"><![CDATA[%dw 2.0

type auto_1298f2b5_b6ef_4db5_b05a_bff45bb1cbdc_Input_Variables_outboundHeaders = {|  |}

]]></types:shape>
    </types:type>
    <types:type name="auto_1298f2b5-b6ef-4db5-b05a-bff45bb1cbdc_Input-Variables-httpStatus" format="java">
      <types:shape format="raml" autogeneratedOrigin="b337ca4a-4447-4faa-862f-1dc64b3c4882"><![CDATA[#%RAML 1.0 DataType
type: string]]></types:shape>
    </types:type>
    <types:type name="auto_1298f2b5-b6ef-4db5-b05a-bff45bb1cbdc_Output-Payload" format="json">
      <types:shape format="weave" example="weave/autogenerated/1298f2b5-b6ef-4db5-b05a-bff45bb1cbdc/Output-Payload.wev" autogeneratedOrigin="b337ca4a-4447-4faa-862f-1dc64b3c4882"><![CDATA[%dw 2.0

type auto_1298f2b5_b6ef_4db5_b05a_bff45bb1cbdc_Output_Payload = {
  address: String, 
  gender: String, 
  name: String, 
  userId: Number, 
  email: String, 
  phoneno: String, 
  Password: String, 
  _?: Any
}

]]></types:shape>
    </types:type>
    <types:type name="auto_1298f2b5-b6ef-4db5-b05a-bff45bb1cbdc_Output-Attributes" format="java">
      <types:shape format="weave" example="weave/autogenerated/1298f2b5-b6ef-4db5-b05a-bff45bb1cbdc/Output-Attributes.wev" autogeneratedOrigin="b337ca4a-4447-4faa-862f-1dc64b3c4882"><![CDATA[%dw 2.0

type auto_1298f2b5_b6ef_4db5_b05a_bff45bb1cbdc_Output_Attributes = {|
  statusCode: Number, 
  reasonPhrase: String, 
  headers: { _?: String }
|} {"typeAlias": "HttpResponseAttributes",
"typeId": "org.mule.extension.http.api.HttpResponseAttributes"}

]]></types:shape>
    </types:type>
    <types:type name="auto_1298f2b5-b6ef-4db5-b05a-bff45bb1cbdc_Output-Variables-user-id" format="java">
      <types:shape format="raml" autogeneratedOrigin="b337ca4a-4447-4faa-862f-1dc64b3c4882"><![CDATA[#%RAML 1.0 DataType
type: string]]></types:shape>
    </types:type>
    <types:type name="auto_1298f2b5-b6ef-4db5-b05a-bff45bb1cbdc_Output-Variables-outboundHeaders" format="java">
      <types:shape format="weave" example="weave/autogenerated/1298f2b5-b6ef-4db5-b05a-bff45bb1cbdc/Output-Variables-outboundHeaders.wev" autogeneratedOrigin="b337ca4a-4447-4faa-862f-1dc64b3c4882"><![CDATA[%dw 2.0

type auto_1298f2b5_b6ef_4db5_b05a_bff45bb1cbdc_Output_Variables_outboundHeaders = {|  |}

]]></types:shape>
    </types:type>
    <types:type name="auto_1298f2b5-b6ef-4db5-b05a-bff45bb1cbdc_Output-Variables-httpStatus" format="java">
      <types:shape format="raml" autogeneratedOrigin="b337ca4a-4447-4faa-862f-1dc64b3c4882"><![CDATA[#%RAML 1.0 DataType
type: string]]></types:shape>
    </types:type>
    <types:type name="auto_5ea9fd18-d0ff-4adc-b625-021aea08ef47_Input-Payload" format="java">
      <types:shape format="weave" example="weave/autogenerated/5ea9fd18-d0ff-4adc-b625-021aea08ef47/Input-Payload.wev" autogeneratedOrigin="4ec73f1d-cf31-49bd-833a-82fdf3eff4ed"><![CDATA[%dw 2.0

type auto_5ea9fd18_d0ff_4adc_b625_021aea08ef47_Input_Payload = Any

]]></types:shape>
    </types:type>
    <types:type name="auto_5ea9fd18-d0ff-4adc-b625-021aea08ef47_Input-Attributes" format="java">
      <types:shape format="weave" example="weave/autogenerated/5ea9fd18-d0ff-4adc-b625-021aea08ef47/Input-Attributes.wev" autogeneratedOrigin="4ec73f1d-cf31-49bd-833a-82fdf3eff4ed"><![CDATA[%dw 2.0

type auto_5ea9fd18_d0ff_4adc_b625_021aea08ef47_Input_Attributes = {|
  clientCertificate?: {|
    publicKey?: {|  |}, 
    "type"?: String, 
    encoded?: Binary
  |}, 
  headers: {|
    client_id: String, 
    client_secret: String
  |}, 
  listenerPath: String, 
  method: String, 
  queryParams: {|
    orgId?: Number, 
    adminId: Number
  |}, 
  queryString: String, 
  relativePath: String, 
  remoteAddress: String, 
  requestPath: String, 
  requestUri: String, 
  scheme: String, 
  uriParams: {|  |}, 
  version: String, 
  localAddress: String
|}

]]></types:shape>
    </types:type>
    <types:type name="auto_5ea9fd18-d0ff-4adc-b625-021aea08ef47_Input-Variables-outboundHeaders" format="java">
      <types:shape format="weave" example="weave/autogenerated/5ea9fd18-d0ff-4adc-b625-021aea08ef47/Input-Variables-outboundHeaders.wev" autogeneratedOrigin="4ec73f1d-cf31-49bd-833a-82fdf3eff4ed"><![CDATA[%dw 2.0

type auto_5ea9fd18_d0ff_4adc_b625_021aea08ef47_Input_Variables_outboundHeaders = {|  |}

]]></types:shape>
    </types:type>
    <types:type name="auto_5ea9fd18-d0ff-4adc-b625-021aea08ef47_Input-Variables-httpStatus" format="java">
      <types:shape format="raml" autogeneratedOrigin="4ec73f1d-cf31-49bd-833a-82fdf3eff4ed"><![CDATA[#%RAML 1.0 DataType
type: string]]></types:shape>
    </types:type>
    <types:type name="auto_5ea9fd18-d0ff-4adc-b625-021aea08ef47_Output-Payload" format="json">
      <types:shape format="weave" example="weave/autogenerated/5ea9fd18-d0ff-4adc-b625-021aea08ef47/Output-Payload.wev" autogeneratedOrigin="4ec73f1d-cf31-49bd-833a-82fdf3eff4ed"><![CDATA[%dw 2.0

type auto_5ea9fd18_d0ff_4adc_b625_021aea08ef47_Output_Payload = Array<{  country: String,   pincode: Number,   showName: String,   coupon?: Array<{    discountPercentage: Number,     showId: Number,     couponId?: Number,     topUsers: Number,     _?: Any  }>, 
  city: String, 
  showStartTime: String, 
  showDate: String, 
  seats: Number, 
  orgId: Number, 
  showId?: Number, 
  price: Number, 
  genre: String, 
  activeDate: String, 
  addressLine1: String, 
  addressLine2: String, 
  state: String, 
  showEndTime: String, 
  _?: Any
}>

]]></types:shape>
    </types:type>
    <types:type name="auto_5ea9fd18-d0ff-4adc-b625-021aea08ef47_Output-Attributes" format="java">
      <types:shape format="weave" example="weave/autogenerated/5ea9fd18-d0ff-4adc-b625-021aea08ef47/Output-Attributes.wev" autogeneratedOrigin="4ec73f1d-cf31-49bd-833a-82fdf3eff4ed"><![CDATA[%dw 2.0

type auto_5ea9fd18_d0ff_4adc_b625_021aea08ef47_Output_Attributes = {|
  statusCode: Number, 
  reasonPhrase: String, 
  headers: { _?: String }
|} {"typeAlias": "HttpResponseAttributes",
"typeId": "org.mule.extension.http.api.HttpResponseAttributes"}

]]></types:shape>
    </types:type>
    <types:type name="auto_5ea9fd18-d0ff-4adc-b625-021aea08ef47_Output-Variables-outboundHeaders" format="java">
      <types:shape format="weave" example="weave/autogenerated/5ea9fd18-d0ff-4adc-b625-021aea08ef47/Output-Variables-outboundHeaders.wev" autogeneratedOrigin="4ec73f1d-cf31-49bd-833a-82fdf3eff4ed"><![CDATA[%dw 2.0

type auto_5ea9fd18_d0ff_4adc_b625_021aea08ef47_Output_Variables_outboundHeaders = {|  |}

]]></types:shape>
    </types:type>
    <types:type name="auto_5ea9fd18-d0ff-4adc-b625-021aea08ef47_Output-Variables-httpStatus" format="java">
      <types:shape format="raml" autogeneratedOrigin="4ec73f1d-cf31-49bd-833a-82fdf3eff4ed"><![CDATA[#%RAML 1.0 DataType
type: string]]></types:shape>
    </types:type>
    <types:type name="auto_d869738c-6e16-45b6-aea9-f9a36a95b78a_Input-Payload" format="java">
      <types:shape format="weave" example="weave/autogenerated/d869738c-6e16-45b6-aea9-f9a36a95b78a/Input-Payload.wev" autogeneratedOrigin="a5a2f5d3-16af-48c8-961b-843fdc0d0ffd"><![CDATA[%dw 2.0

type auto_d869738c_6e16_45b6_aea9_f9a36a95b78a_Input_Payload = Any

]]></types:shape>
    </types:type>
    <types:type name="auto_d869738c-6e16-45b6-aea9-f9a36a95b78a_Input-Attributes" format="java">
      <types:shape format="weave" example="weave/autogenerated/d869738c-6e16-45b6-aea9-f9a36a95b78a/Input-Attributes.wev" autogeneratedOrigin="a5a2f5d3-16af-48c8-961b-843fdc0d0ffd"><![CDATA[%dw 2.0

type auto_d869738c_6e16_45b6_aea9_f9a36a95b78a_Input_Attributes = {|
  clientCertificate?: {|
    publicKey?: {|  |}, 
    "type"?: String, 
    encoded?: Binary
  |}, 
  headers: {|
    client_id: String, 
    client_secret: String
  |}, 
  listenerPath: String, 
  method: String, 
  queryParams: {|
    adminId: Number, 
    pageSize?: Number, 
    page?: Number, 
    name?: String, 
    status?: "active" | "nonActive", 
    genre?: Array<String>
  |}, 
  queryString: String, 
  relativePath: String, 
  remoteAddress: String, 
  requestPath: String, 
  requestUri: String, 
  scheme: String, 
  uriParams: {|  |}, 
  version: String, 
  localAddress: String
|}

]]></types:shape>
    </types:type>
    <types:type name="auto_d869738c-6e16-45b6-aea9-f9a36a95b78a_Input-Variables-outboundHeaders" format="java">
      <types:shape format="weave" example="weave/autogenerated/d869738c-6e16-45b6-aea9-f9a36a95b78a/Input-Variables-outboundHeaders.wev" autogeneratedOrigin="a5a2f5d3-16af-48c8-961b-843fdc0d0ffd"><![CDATA[%dw 2.0

type auto_d869738c_6e16_45b6_aea9_f9a36a95b78a_Input_Variables_outboundHeaders = {|  |}

]]></types:shape>
    </types:type>
    <types:type name="auto_d869738c-6e16-45b6-aea9-f9a36a95b78a_Input-Variables-httpStatus" format="java">
      <types:shape format="raml" autogeneratedOrigin="a5a2f5d3-16af-48c8-961b-843fdc0d0ffd"><![CDATA[#%RAML 1.0 DataType
type: string]]></types:shape>
    </types:type>
    <types:type name="auto_d869738c-6e16-45b6-aea9-f9a36a95b78a_Output-Payload" format="json">
      <types:shape format="weave" example="weave/autogenerated/d869738c-6e16-45b6-aea9-f9a36a95b78a/Output-Payload.wev" autogeneratedOrigin="a5a2f5d3-16af-48c8-961b-843fdc0d0ffd"><![CDATA[%dw 2.0

type auto_d869738c_6e16_45b6_aea9_f9a36a95b78a_Output_Payload = Array<{  orgName: String,   address: String,   orgId?: Number,   email: String,   phoneNo: String,   Password: String,   _?: Any}>

]]></types:shape>
    </types:type>
    <types:type name="auto_d869738c-6e16-45b6-aea9-f9a36a95b78a_Output-Attributes" format="java">
      <types:shape format="weave" example="weave/autogenerated/d869738c-6e16-45b6-aea9-f9a36a95b78a/Output-Attributes.wev" autogeneratedOrigin="a5a2f5d3-16af-48c8-961b-843fdc0d0ffd"><![CDATA[%dw 2.0

type auto_d869738c_6e16_45b6_aea9_f9a36a95b78a_Output_Attributes = {|
  statusCode: Number, 
  reasonPhrase: String, 
  headers: { _?: String }
|} {"typeAlias": "HttpResponseAttributes",
"typeId": "org.mule.extension.http.api.HttpResponseAttributes"}

]]></types:shape>
    </types:type>
    <types:type name="auto_d869738c-6e16-45b6-aea9-f9a36a95b78a_Output-Variables-outboundHeaders" format="java">
      <types:shape format="weave" example="weave/autogenerated/d869738c-6e16-45b6-aea9-f9a36a95b78a/Output-Variables-outboundHeaders.wev" autogeneratedOrigin="a5a2f5d3-16af-48c8-961b-843fdc0d0ffd"><![CDATA[%dw 2.0

type auto_d869738c_6e16_45b6_aea9_f9a36a95b78a_Output_Variables_outboundHeaders = {|  |}

]]></types:shape>
    </types:type>
    <types:type name="auto_d869738c-6e16-45b6-aea9-f9a36a95b78a_Output-Variables-httpStatus" format="java">
      <types:shape format="raml" autogeneratedOrigin="a5a2f5d3-16af-48c8-961b-843fdc0d0ffd"><![CDATA[#%RAML 1.0 DataType
type: string]]></types:shape>
    </types:type>
  </types:catalog>
  <types:enrichment select="#ab9f5534-e52f-410b-a878-8b4d028d726e">
    <types:processor-declaration>
      <types:input-event>
        <types:message>
          <types:payload type="auto_ab9f5534-e52f-410b-a878-8b4d028d726e_Input-Payload"/>
          <types:attributes type="auto_ab9f5534-e52f-410b-a878-8b4d028d726e_Input-Attributes"/>
        </types:message>
        <types:variables>
          <types:variable name="outboundHeaders" type="auto_ab9f5534-e52f-410b-a878-8b4d028d726e_Input-Variables-outboundHeaders"/>
          <types:variable name="httpStatus" type="auto_ab9f5534-e52f-410b-a878-8b4d028d726e_Input-Variables-httpStatus"/>
          <types:variable name="id" type="auto_ab9f5534-e52f-410b-a878-8b4d028d726e_Input-Variables-organizer-id"/>
        </types:variables>
      </types:input-event>
      <types:output-event>
        <types:message>
          <types:payload type="auto_ab9f5534-e52f-410b-a878-8b4d028d726e_Output-Payload"/>
          <types:attributes type="auto_ab9f5534-e52f-410b-a878-8b4d028d726e_Output-Attributes"/>
        </types:message>
        <types:variables>
          <types:variable name="outboundHeaders" type="auto_ab9f5534-e52f-410b-a878-8b4d028d726e_Output-Variables-outboundHeaders"/>
          <types:variable name="httpStatus" type="auto_ab9f5534-e52f-410b-a878-8b4d028d726e_Output-Variables-httpStatus"/>
          <types:variable name="id" type="auto_ab9f5534-e52f-410b-a878-8b4d028d726e_Output-Variables-organizer-id"/>
          <types:variable name="newOrganizerData" type="auto_ab9f5534-e52f-410b-a878-8b4d028d726e_Output-Variables-newOrganizerData"/>
        </types:variables>
      </types:output-event>
    </types:processor-declaration>
  </types:enrichment>
  <types:enrichment select="#fe8ee4dc-a638-40da-815e-804fddab2909">
    <types:processor-declaration>
      <types:input-event>
        <types:message>
          <types:payload type="auto_fe8ee4dc-a638-40da-815e-804fddab2909_Input-Payload"/>
          <types:attributes type="auto_fe8ee4dc-a638-40da-815e-804fddab2909_Input-Attributes"/>
        </types:message>
        <types:variables>
          <types:variable name="outboundHeaders" type="auto_fe8ee4dc-a638-40da-815e-804fddab2909_Input-Variables-outboundHeaders"/>
          <types:variable name="httpStatus" type="auto_fe8ee4dc-a638-40da-815e-804fddab2909_Input-Variables-httpStatus"/>
        </types:variables>
      </types:input-event>
      <types:output-event>
        <types:message>
          <types:payload type="auto_fe8ee4dc-a638-40da-815e-804fddab2909_Output-Payload"/>
          <types:attributes type="auto_fe8ee4dc-a638-40da-815e-804fddab2909_Output-Attributes"/>
        </types:message>
        <types:variables>
          <types:variable name="outboundHeaders" type="auto_fe8ee4dc-a638-40da-815e-804fddab2909_Output-Variables-outboundHeaders"/>
          <types:variable name="httpStatus" type="auto_fe8ee4dc-a638-40da-815e-804fddab2909_Output-Variables-httpStatus"/>
          <types:variable name="newUserData" type="auto_fe8ee4dc-a638-40da-815e-804fddab2909_Output-Variables-newUserData"/>
        </types:variables>
      </types:output-event>
    </types:processor-declaration>
  </types:enrichment>
  <types:enrichment select="#3d87d2f4-8160-4b2f-b4be-e1099b8af0a9">
    <types:processor-declaration>
      <types:input-event>
        <types:message>
          <types:payload type="auto_3d87d2f4-8160-4b2f-b4be-e1099b8af0a9_Input-Payload"/>
          <types:attributes type="auto_3d87d2f4-8160-4b2f-b4be-e1099b8af0a9_Input-Attributes"/>
        </types:message>
        <types:variables>
          <types:variable name="outboundHeaders" type="auto_3d87d2f4-8160-4b2f-b4be-e1099b8af0a9_Input-Variables-outboundHeaders"/>
          <types:variable name="httpStatus" type="auto_3d87d2f4-8160-4b2f-b4be-e1099b8af0a9_Input-Variables-httpStatus"/>
        </types:variables>
      </types:input-event>
      <types:output-event>
        <types:message>
          <types:payload type="auto_3d87d2f4-8160-4b2f-b4be-e1099b8af0a9_Output-Payload"/>
          <types:attributes type="auto_3d87d2f4-8160-4b2f-b4be-e1099b8af0a9_Output-Attributes"/>
        </types:message>
        <types:variables>
          <types:variable name="outboundHeaders" type="auto_3d87d2f4-8160-4b2f-b4be-e1099b8af0a9_Output-Variables-outboundHeaders"/>
          <types:variable name="httpStatus" type="auto_3d87d2f4-8160-4b2f-b4be-e1099b8af0a9_Output-Variables-httpStatus"/>
        </types:variables>
      </types:output-event>
    </types:processor-declaration>
  </types:enrichment>
  <types:enrichment select="#4cbfd8fc-4ab2-48dd-bef0-166c4b538535">
    <types:processor-declaration>
      <types:input-event>
        <types:message>
          <types:payload type="auto_4cbfd8fc-4ab2-48dd-bef0-166c4b538535_Input-Payload"/>
          <types:attributes type="auto_4cbfd8fc-4ab2-48dd-bef0-166c4b538535_Input-Attributes"/>
        </types:message>
        <types:variables>
          <types:variable name="outboundHeaders" type="auto_4cbfd8fc-4ab2-48dd-bef0-166c4b538535_Input-Variables-outboundHeaders"/>
          <types:variable name="httpStatus" type="auto_4cbfd8fc-4ab2-48dd-bef0-166c4b538535_Input-Variables-httpStatus"/>
          <types:variable name="id" type="auto_4cbfd8fc-4ab2-48dd-bef0-166c4b538535_Input-Variables-show-id"/>
        </types:variables>
      </types:input-event>
      <types:output-event>
        <types:message>
          <types:payload type="auto_4cbfd8fc-4ab2-48dd-bef0-166c4b538535_Output-Payload"/>
          <types:attributes type="auto_4cbfd8fc-4ab2-48dd-bef0-166c4b538535_Output-Attributes"/>
        </types:message>
        <types:variables>
          <types:variable name="outboundHeaders" type="auto_4cbfd8fc-4ab2-48dd-bef0-166c4b538535_Output-Variables-outboundHeaders"/>
          <types:variable name="httpStatus" type="auto_4cbfd8fc-4ab2-48dd-bef0-166c4b538535_Output-Variables-httpStatus"/>
          <types:variable name="id" type="auto_4cbfd8fc-4ab2-48dd-bef0-166c4b538535_Output-Variables-show-id"/>
        </types:variables>
      </types:output-event>
    </types:processor-declaration>
  </types:enrichment>
  <types:enrichment select="#2fb6816b-2e16-4448-a002-ee76285c0f6b">
    <types:processor-declaration>
      <types:input-event>
        <types:message>
          <types:payload type="auto_2fb6816b-2e16-4448-a002-ee76285c0f6b_Input-Payload"/>
          <types:attributes type="auto_2fb6816b-2e16-4448-a002-ee76285c0f6b_Input-Attributes"/>
        </types:message>
        <types:variables>
          <types:variable name="outboundHeaders" type="auto_2fb6816b-2e16-4448-a002-ee76285c0f6b_Input-Variables-outboundHeaders"/>
          <types:variable name="httpStatus" type="auto_2fb6816b-2e16-4448-a002-ee76285c0f6b_Input-Variables-httpStatus"/>
          <types:variable name="id" type="auto_2fb6816b-2e16-4448-a002-ee76285c0f6b_Input-Variables-user-id"/>
        </types:variables>
      </types:input-event>
      <types:output-event>
        <types:message>
          <types:payload type="auto_2fb6816b-2e16-4448-a002-ee76285c0f6b_Output-Payload"/>
          <types:attributes type="auto_2fb6816b-2e16-4448-a002-ee76285c0f6b_Output-Attributes"/>
        </types:message>
        <types:variables>
          <types:variable name="outboundHeaders" type="auto_2fb6816b-2e16-4448-a002-ee76285c0f6b_Output-Variables-outboundHeaders"/>
          <types:variable name="httpStatus" type="auto_2fb6816b-2e16-4448-a002-ee76285c0f6b_Output-Variables-httpStatus"/>
          <types:variable name="id" type="auto_2fb6816b-2e16-4448-a002-ee76285c0f6b_Output-Variables-user-id"/>
        </types:variables>
      </types:output-event>
    </types:processor-declaration>
  </types:enrichment>
  <types:enrichment select="#d38629c8-8875-4d06-aa3e-53db6221b681">
    <types:processor-declaration>
      <types:input-event>
        <types:message>
          <types:payload type="auto_d38629c8-8875-4d06-aa3e-53db6221b681_Input-Payload"/>
          <types:attributes type="auto_d38629c8-8875-4d06-aa3e-53db6221b681_Input-Attributes"/>
        </types:message>
        <types:variables>
          <types:variable name="outboundHeaders" type="auto_d38629c8-8875-4d06-aa3e-53db6221b681_Input-Variables-outboundHeaders"/>
          <types:variable name="httpStatus" type="auto_d38629c8-8875-4d06-aa3e-53db6221b681_Input-Variables-httpStatus"/>
        </types:variables>
      </types:input-event>
      <types:output-event>
        <types:message>
          <types:payload type="auto_d38629c8-8875-4d06-aa3e-53db6221b681_Output-Payload"/>
          <types:attributes type="auto_d38629c8-8875-4d06-aa3e-53db6221b681_Output-Attributes"/>
        </types:message>
        <types:variables>
          <types:variable name="outboundHeaders" type="auto_d38629c8-8875-4d06-aa3e-53db6221b681_Output-Variables-outboundHeaders"/>
          <types:variable name="httpStatus" type="auto_d38629c8-8875-4d06-aa3e-53db6221b681_Output-Variables-httpStatus"/>
        </types:variables>
      </types:output-event>
    </types:processor-declaration>
  </types:enrichment>
  <types:enrichment select="#1bd8457a-1337-47fc-bb4c-e88cc1087c75">
    <types:processor-declaration>
      <types:input-event>
        <types:message>
          <types:payload type="auto_1bd8457a-1337-47fc-bb4c-e88cc1087c75_Input-Payload"/>
          <types:attributes type="auto_1bd8457a-1337-47fc-bb4c-e88cc1087c75_Input-Attributes"/>
        </types:message>
        <types:variables>
          <types:variable name="outboundHeaders" type="auto_1bd8457a-1337-47fc-bb4c-e88cc1087c75_Input-Variables-outboundHeaders"/>
          <types:variable name="httpStatus" type="auto_1bd8457a-1337-47fc-bb4c-e88cc1087c75_Input-Variables-httpStatus"/>
        </types:variables>
      </types:input-event>
      <types:output-event>
        <types:message>
          <types:payload type="auto_1bd8457a-1337-47fc-bb4c-e88cc1087c75_Output-Payload"/>
          <types:attributes type="auto_1bd8457a-1337-47fc-bb4c-e88cc1087c75_Output-Attributes"/>
        </types:message>
        <types:variables>
          <types:variable name="outboundHeaders" type="auto_1bd8457a-1337-47fc-bb4c-e88cc1087c75_Output-Variables-outboundHeaders"/>
          <types:variable name="httpStatus" type="auto_1bd8457a-1337-47fc-bb4c-e88cc1087c75_Output-Variables-httpStatus"/>
        </types:variables>
      </types:output-event>
    </types:processor-declaration>
  </types:enrichment>
  <types:enrichment select="#8278cb58-37cb-4016-a234-ea3b3e62e44b">
    <types:processor-declaration>
      <types:input-event>
        <types:message>
          <types:payload type="auto_8278cb58-37cb-4016-a234-ea3b3e62e44b_Input-Payload"/>
          <types:attributes type="auto_8278cb58-37cb-4016-a234-ea3b3e62e44b_Input-Attributes"/>
        </types:message>
        <types:variables>
          <types:variable name="outboundHeaders" type="auto_8278cb58-37cb-4016-a234-ea3b3e62e44b_Input-Variables-outboundHeaders"/>
          <types:variable name="httpStatus" type="auto_8278cb58-37cb-4016-a234-ea3b3e62e44b_Input-Variables-httpStatus"/>
        </types:variables>
      </types:input-event>
      <types:output-event>
        <types:message>
          <types:payload type="auto_8278cb58-37cb-4016-a234-ea3b3e62e44b_Output-Payload"/>
          <types:attributes type="auto_8278cb58-37cb-4016-a234-ea3b3e62e44b_Output-Attributes"/>
        </types:message>
        <types:variables>
          <types:variable name="outboundHeaders" type="auto_8278cb58-37cb-4016-a234-ea3b3e62e44b_Output-Variables-outboundHeaders"/>
          <types:variable name="httpStatus" type="auto_8278cb58-37cb-4016-a234-ea3b3e62e44b_Output-Variables-httpStatus"/>
        </types:variables>
      </types:output-event>
    </types:processor-declaration>
  </types:enrichment>
  <types:enrichment select="#3644f250-88fa-413f-8cb2-50d789a83dcf">
    <types:processor-declaration>
      <types:input-event>
        <types:message>
          <types:payload type="auto_3644f250-88fa-413f-8cb2-50d789a83dcf_Input-Payload"/>
          <types:attributes type="auto_3644f250-88fa-413f-8cb2-50d789a83dcf_Input-Attributes"/>
        </types:message>
        <types:variables>
          <types:variable name="outboundHeaders" type="auto_3644f250-88fa-413f-8cb2-50d789a83dcf_Input-Variables-outboundHeaders"/>
          <types:variable name="httpStatus" type="auto_3644f250-88fa-413f-8cb2-50d789a83dcf_Input-Variables-httpStatus"/>
        </types:variables>
      </types:input-event>
      <types:output-event>
        <types:message>
          <types:payload type="auto_3644f250-88fa-413f-8cb2-50d789a83dcf_Output-Payload"/>
          <types:attributes type="auto_3644f250-88fa-413f-8cb2-50d789a83dcf_Output-Attributes"/>
        </types:message>
        <types:variables>
          <types:variable name="outboundHeaders" type="auto_3644f250-88fa-413f-8cb2-50d789a83dcf_Output-Variables-outboundHeaders"/>
          <types:variable name="httpStatus" type="auto_3644f250-88fa-413f-8cb2-50d789a83dcf_Output-Variables-httpStatus"/>
        </types:variables>
      </types:output-event>
    </types:processor-declaration>
  </types:enrichment>
  <types:enrichment select="#1298f2b5-b6ef-4db5-b05a-bff45bb1cbdc">
    <types:processor-declaration>
      <types:input-event>
        <types:message>
          <types:payload type="auto_1298f2b5-b6ef-4db5-b05a-bff45bb1cbdc_Input-Payload"/>
          <types:attributes type="auto_1298f2b5-b6ef-4db5-b05a-bff45bb1cbdc_Input-Attributes"/>
        </types:message>
        <types:variables>
          <types:variable name="outboundHeaders" type="auto_1298f2b5-b6ef-4db5-b05a-bff45bb1cbdc_Input-Variables-outboundHeaders"/>
          <types:variable name="httpStatus" type="auto_1298f2b5-b6ef-4db5-b05a-bff45bb1cbdc_Input-Variables-httpStatus"/>
          <types:variable name="id" type="auto_1298f2b5-b6ef-4db5-b05a-bff45bb1cbdc_Input-Variables-user-id"/>
        </types:variables>
      </types:input-event>
      <types:output-event>
        <types:message>
          <types:payload type="auto_1298f2b5-b6ef-4db5-b05a-bff45bb1cbdc_Output-Payload"/>
          <types:attributes type="auto_1298f2b5-b6ef-4db5-b05a-bff45bb1cbdc_Output-Attributes"/>
        </types:message>
        <types:variables>
          <types:variable name="outboundHeaders" type="auto_1298f2b5-b6ef-4db5-b05a-bff45bb1cbdc_Output-Variables-outboundHeaders"/>
          <types:variable name="httpStatus" type="auto_1298f2b5-b6ef-4db5-b05a-bff45bb1cbdc_Output-Variables-httpStatus"/>
          <types:variable name="id" type="auto_1298f2b5-b6ef-4db5-b05a-bff45bb1cbdc_Output-Variables-user-id"/>
        </types:variables>
      </types:output-event>
    </types:processor-declaration>
  </types:enrichment>
  <types:enrichment select="#5ea9fd18-d0ff-4adc-b625-021aea08ef47">
    <types:processor-declaration>
      <types:input-event>
        <types:message>
          <types:payload type="auto_5ea9fd18-d0ff-4adc-b625-021aea08ef47_Input-Payload"/>
          <types:attributes type="auto_5ea9fd18-d0ff-4adc-b625-021aea08ef47_Input-Attributes"/>
        </types:message>
        <types:variables>
          <types:variable name="outboundHeaders" type="auto_5ea9fd18-d0ff-4adc-b625-021aea08ef47_Input-Variables-outboundHeaders"/>
          <types:variable name="httpStatus" type="auto_5ea9fd18-d0ff-4adc-b625-021aea08ef47_Input-Variables-httpStatus"/>
        </types:variables>
      </types:input-event>
      <types:output-event>
        <types:message>
          <types:payload type="auto_5ea9fd18-d0ff-4adc-b625-021aea08ef47_Output-Payload"/>
          <types:attributes type="auto_5ea9fd18-d0ff-4adc-b625-021aea08ef47_Output-Attributes"/>
        </types:message>
        <types:variables>
          <types:variable name="outboundHeaders" type="auto_5ea9fd18-d0ff-4adc-b625-021aea08ef47_Output-Variables-outboundHeaders"/>
          <types:variable name="httpStatus" type="auto_5ea9fd18-d0ff-4adc-b625-021aea08ef47_Output-Variables-httpStatus"/>
        </types:variables>
      </types:output-event>
    </types:processor-declaration>
  </types:enrichment>
  <types:enrichment select="#d869738c-6e16-45b6-aea9-f9a36a95b78a">
    <types:processor-declaration>
      <types:input-event>
        <types:message>
          <types:payload type="auto_d869738c-6e16-45b6-aea9-f9a36a95b78a_Input-Payload"/>
          <types:attributes type="auto_d869738c-6e16-45b6-aea9-f9a36a95b78a_Input-Attributes"/>
        </types:message>
        <types:variables>
          <types:variable name="outboundHeaders" type="auto_d869738c-6e16-45b6-aea9-f9a36a95b78a_Input-Variables-outboundHeaders"/>
          <types:variable name="httpStatus" type="auto_d869738c-6e16-45b6-aea9-f9a36a95b78a_Input-Variables-httpStatus"/>
        </types:variables>
      </types:input-event>
      <types:output-event>
        <types:message>
          <types:payload type="auto_d869738c-6e16-45b6-aea9-f9a36a95b78a_Output-Payload"/>
          <types:attributes type="auto_d869738c-6e16-45b6-aea9-f9a36a95b78a_Output-Attributes"/>
        </types:message>
        <types:variables>
          <types:variable name="outboundHeaders" type="auto_d869738c-6e16-45b6-aea9-f9a36a95b78a_Output-Variables-outboundHeaders"/>
          <types:variable name="httpStatus" type="auto_d869738c-6e16-45b6-aea9-f9a36a95b78a_Output-Variables-httpStatus"/>
        </types:variables>
      </types:output-event>
    </types:processor-declaration>
  </types:enrichment>
</types:mule>